{  
   "layout":{  
      "pages":[  
         {  
            "id":"phpIPAM",
            "title":"phpIPAM endpoint",
            "sections":[  
               {  
                  "id":"section_1",
                  "fields":[  
                     {  
                        "id":"privateKeyId",
                        "display":"textField"
                     },
                     {  
                        "id":"privateKey",
                        "display":"passwordField"
                     },
                     {  
                        "id":"hostName",
                        "display":"textField"
                     },
                     {  
                        "id":"appId",
                        "display":"textField"
                     }
                  ]
               }
            ]
         }
      ]
   },
   "schema":{  
      "privateKeyId":{  
         "type":{  
            "dataType":"string"
         },
         "label":"Username",
         "constraints":{  
            "required":true
         },
         "default": "admin"
      },
      "privateKey":{  
         "label":"Password",
         "type":{  
            "dataType":"secureString"
         },
         "constraints":{  
            "required":true
         },
         "default": "b77iofI!#wVhe/IeG^yDO~MVO$w^T1aYeD2"
      },
      "hostName":{  
         "type":{  
            "dataType":"string"
         },
         "label":"Hostname",
         "constraints":{  
            "required":true
         },
         "default": "http://phpipam.definit.local"
      },
      "appId":{  
         "type":{  
            "dataType":"string"
         },
         "label":"App ID",
         "constraints":{  
            "required":true
         },
         "default": "vra"
      }
   },
   "options":{  

   }
}
